Timestamp,Avatar_X,Avatar_Y,Avatar_Z
07:44:40.187,1.52582,6.148515,-4.287064
07:44:40.287,1.315289,6.104851,-4.070936
07:44:40.391,1.388399,6.085543,-4.118269
07:44:40.494,1.499911,6.06393,-4.181315
07:44:40.597,1.489134,6.047874,-4.196668
07:44:40.699,1.420514,6.044638,-4.26213
07:44:40.800,1.403991,6.059369,-4.363919
07:44:40.903,1.364112,6.048201,-4.496407
07:44:41.005,1.409371,6.075602,-4.585028
07:44:41.108,1.475804,6.102333,-4.604183
07:44:41.212,1.518072,6.120147,-4.60416
07:44:41.313,1.478632,6.1044,-4.622319
07:44:41.416,1.408552,6.075546,-4.646641
07:44:41.516,1.393915,6.05955,-4.653681
07:44:41.619,1.4407,6.050918,-4.625823
07:44:41.724,1.506278,6.042122,-4.550762
07:44:41.825,1.548619,6.030883,-4.442585
07:44:41.931,1.551738,6.018762,-4.350228
07:44:42.034,1.549844,6.006817,-4.312449
07:44:42.134,1.55529,5.99468,-4.308528
07:44:42.235,1.537267,5.970342,-4.378443
07:44:42.338,1.479392,5.988707,-4.445209
07:44:42.440,1.383101,5.989779,-4.463675
07:44:42.540,1.218996,5.992918,-4.51949
07:44:42.643,1.080657,5.999005,-4.568152
07:44:42.744,0.9732196,6.011774,-4.58515
07:44:42.845,0.8701785,6.015306,-4.593637
07:44:42.946,0.7990446,6.020766,-4.607781
07:44:43.048,0.7584462,6.048961,-4.685679
07:44:43.150,0.7481604,6.068727,-4.753017
07:44:43.250,0.7944389,6.069289,-4.767719
07:44:43.352,0.8480788,6.082021,-4.782213
07:44:43.454,0.8518835,6.129757,-4.828394
07:44:43.555,0.8339226,6.154308,-4.839019
07:44:43.657,0.8061444,6.1669,-4.809263
07:44:43.758,0.8113211,6.183064,-4.77559
07:44:43.863,0.8310998,6.182021,-4.743959
07:44:43.964,0.8258073,6.183396,-4.712746
07:44:44.065,0.7992817,6.189865,-4.66488
07:44:44.166,0.72277,6.196129,-4.592854
07:44:44.272,0.5698096,6.201537,-4.497048
07:44:44.375,0.3845884,6.206385,-4.371637
07:44:44.476,0.2566193,6.197343,-4.244629
07:44:44.577,0.1921157,6.187378,-4.125075
07:44:44.678,0.1844451,6.1797,-4.04888
07:44:44.780,0.2388834,6.164562,-3.993914
07:44:44.880,0.3790529,6.150648,-4.000424
07:44:44.985,0.6006501,6.134535,-4.117337
07:44:45.088,0.7815648,6.112034,-4.307168
07:44:45.189,0.8627045,6.087539,-4.453777
07:44:45.292,0.9525111,6.062059,-4.588364
07:44:45.394,1.019737,6.054597,-4.712627
07:44:45.496,0.9958984,6.038546,-4.814076
07:44:45.599,0.9878789,6.032106,-4.829197
07:44:45.701,1.000037,6.036236,-4.80789
07:44:45.803,1.04547,6.036623,-4.793945
07:44:45.905,1.09395,6.042737,-4.768716
07:44:46.008,1.138439,6.066921,-4.732601
07:44:46.109,1.147441,6.090861,-4.617744
07:44:46.210,1.151082,6.099877,-4.5383
07:44:46.311,1.164557,6.102359,-4.59279
07:44:46.416,1.217649,6.114456,-4.745759
07:44:46.519,1.312848,6.121364,-4.927816
07:44:46.620,1.397891,6.124887,-4.999325
07:44:46.723,1.458069,6.131049,-5.002518
07:44:46.824,1.522873,6.134988,-4.994866
07:44:46.927,1.558338,6.138873,-4.977296
07:44:47.027,1.476221,6.157459,-4.943123
07:44:47.127,1.32572,6.17569,-4.910423
07:44:47.230,1.176479,6.186737,-4.880038
07:44:47.333,1.059003,6.195284,-4.851893
07:44:47.435,0.9589794,6.197647,-4.825173
07:44:47.536,0.8877491,6.19466,-4.802037
07:44:47.639,0.8410635,6.191225,-4.780886
07:44:47.742,0.8173709,6.190076,-4.765495
07:44:47.844,0.8177363,6.191579,-4.764496
07:44:47.947,0.8428813,6.197315,-4.780777
07:44:48.048,0.8865021,6.202147,-4.807464
07:44:48.150,0.9259144,6.20403,-4.829832
07:44:48.251,0.9562266,6.208179,-4.842999
07:44:48.352,0.9780546,6.210652,-4.842722
07:44:48.454,0.9966016,6.206772,-4.833118
07:44:48.555,1.008343,6.205601,-4.827843
07:44:48.657,1.015724,6.205451,-4.813429
07:44:48.757,1.019723,6.209058,-4.807343
07:44:48.859,1.021638,6.210445,-4.796923
07:44:48.959,1.024796,6.212974,-4.796883
07:44:49.062,1.027898,6.2116,-4.793871
07:44:49.164,1.028254,6.208537,-4.783391
07:44:49.269,1.025992,6.206746,-4.772569
07:44:49.372,1.018685,6.208439,-4.768856
07:44:49.473,1.002684,6.210042,-4.767005
07:44:49.577,0.9707219,6.207789,-4.75876
07:44:49.677,0.9310959,6.202688,-4.737017
07:44:49.777,0.8888817,6.204035,-4.72027
07:44:49.881,0.8580838,6.200909,-4.691837
07:44:49.982,0.8546554,6.201591,-4.669997
07:44:50.084,0.88661,6.204446,-4.647344
07:44:50.185,0.945861,6.212531,-4.630346
07:44:50.285,1.014328,6.218481,-4.623206
07:44:50.387,1.080108,6.210415,-4.594889
07:44:50.489,1.127786,6.191682,-4.528602
07:44:50.589,1.152371,6.193738,-4.408695
07:44:50.689,1.111613,6.191574,-4.152594
07:44:50.791,1.065387,6.170846,-3.85983
07:44:50.895,1.00276,6.13071,-3.601091
07:44:50.996,0.922021,6.086051,-3.408188
07:44:51.098,0.8562317,6.065158,-3.322289
07:44:51.201,0.8350886,6.07178,-3.333817
07:44:51.302,0.8687236,6.093174,-3.408696
07:44:51.403,0.9132028,6.111952,-3.545367
07:44:51.508,0.9176707,6.116342,-3.775428
07:44:51.608,0.937835,6.101623,-3.967744
07:44:51.710,0.9971544,6.094828,-4.03214
07:44:51.813,1.078213,6.114757,-3.909455
07:44:51.915,1.116874,6.1299,-3.80016
07:44:52.015,1.133969,6.140221,-3.720852
07:44:52.117,1.141438,6.147505,-3.664766
07:44:52.219,1.144392,6.152733,-3.626261
07:44:52.323,1.144923,6.155362,-3.576108
07:44:52.424,1.115314,6.143662,-3.439706
07:44:52.525,1.047354,6.141045,-3.562353
07:44:52.626,0.9686905,6.124238,-3.786564
07:44:52.728,0.8987388,6.095739,-3.948372
07:44:52.832,0.8391234,6.078339,-4.028606
07:44:52.932,0.7686216,6.082157,-4.056958
07:44:53.032,0.6914166,6.097486,-4.009029
07:44:53.132,0.6409359,6.113701,-3.82853
07:44:53.234,0.7105345,6.115378,-3.583261
07:44:53.334,0.8917788,6.08601,-3.369596
07:44:53.439,1.104935,6.028315,-3.233634
07:44:53.541,1.235648,5.975907,-3.177502
07:44:53.644,1.305937,5.97559,-3.244695
07:44:53.744,1.361024,6.023127,-3.475567
07:44:53.845,1.420772,6.061069,-3.793005
07:44:53.949,1.491969,6.061778,-4.12432
07:44:54.053,1.569198,6.044728,-4.359456
07:44:54.154,1.646922,6.028294,-4.495831
07:44:54.258,1.730442,6.021354,-4.557056
07:44:54.361,1.775628,6.017222,-4.548366
07:44:54.463,1.797358,6.008824,-4.441362
07:44:54.565,1.754847,6.009385,-4.330825
07:44:54.666,1.667659,6.005564,-4.218091
07:44:54.769,1.549487,6.014736,-4.160801
07:44:54.869,1.381093,6.028175,-4.175757
07:44:54.973,1.212297,6.062939,-4.318731
07:44:55.074,1.072032,6.069304,-4.494582
07:44:55.178,0.9787179,6.044662,-4.652271
07:44:55.281,0.9339974,6.011439,-4.779417
07:44:55.381,0.927512,5.991583,-4.881347
07:44:55.484,0.9570808,5.992416,-4.975317
07:44:55.585,1.024493,5.969255,-4.980891
07:44:55.685,1.115889,5.950341,-4.904863
07:44:55.788,1.181108,5.974489,-4.661701
07:44:55.889,1.117664,5.990167,-4.597023
07:44:55.991,1.088893,6.0195,-4.589922
07:44:56.091,1.195954,6.034017,-4.404166
07:44:56.194,1.247238,6.042262,-4.36862
07:44:56.296,1.159095,6.054911,-4.51333
07:44:56.399,1.190909,6.093071,-4.584132
07:44:56.502,1.301992,6.092599,-4.630739
07:44:56.628,1.457461,6.070081,-4.692016
07:44:56.729,1.603304,6.017725,-4.715677
07:44:56.830,1.424125,5.987511,-4.771416
07:44:56.933,1.120103,5.936719,-4.91353
07:44:57.036,0.9343226,5.939296,-5.029306
07:44:57.156,0.8508391,5.932845,-5.033403
07:44:57.258,1.000414,5.993173,-4.945374
07:44:57.358,1.151294,6.041946,-4.912631
07:44:57.461,1.192112,6.057565,-4.879527
07:44:57.564,1.079026,6.080162,-4.9043
07:44:57.681,0.9700555,6.095087,-4.898382
07:44:57.783,0.8380941,6.142352,-4.798472
07:44:57.886,0.8072414,6.13734,-4.661049
07:44:57.987,0.8281296,6.108177,-4.494152
07:44:58.088,0.9193156,6.092165,-4.394948
07:44:58.192,1.056212,6.086068,-4.417023
07:44:58.295,1.19552,6.063761,-4.563439
07:44:58.397,1.209617,6.065475,-4.675945
07:44:58.499,1.065111,6.069031,-4.620884
07:44:58.603,0.9558586,6.071787,-4.630907
07:44:58.703,0.912617,6.076929,-4.682436
07:44:58.805,0.8984112,6.077977,-4.750699
07:44:58.909,0.8975721,6.077645,-4.825147
07:44:59.015,0.9063035,6.070373,-4.913551
07:44:59.116,0.9188697,6.056072,-5.023172
07:44:59.218,0.9366431,6.035533,-5.151783
07:44:59.320,0.9606593,6.018631,-5.231236
07:44:59.421,0.9624863,6.006446,-5.233909
07:44:59.523,1.088023,5.970602,-5.331758
07:44:59.624,1.187606,5.97623,-5.361043
07:44:59.728,1.191854,6.050127,-5.219
07:44:59.829,1.169672,6.103158,-5.094247
07:44:59.931,1.188505,6.136172,-5.011427
07:45:00.032,1.231508,6.168571,-4.940947
07:45:00.135,1.269505,6.189665,-4.831003
07:45:00.238,1.284184,6.19602,-4.687057
07:45:00.341,1.271925,6.192756,-4.573856
07:45:00.446,1.265338,6.183812,-4.514816
07:45:00.549,1.274195,6.173131,-4.504778
07:45:00.650,1.286046,6.163958,-4.505943
07:45:00.751,1.28904,6.154437,-4.504205
07:45:00.853,1.282296,6.146381,-4.501856
07:45:00.956,1.274934,6.135816,-4.473454
07:45:01.058,1.24232,6.119758,-4.403612
07:45:01.160,1.150116,6.097154,-4.323416
07:45:01.260,1.056074,6.085335,-4.30671
07:45:01.362,0.9635237,6.087336,-4.328842
07:45:01.462,0.888963,6.097235,-4.430056
07:45:01.563,0.8320689,6.106665,-4.591633
07:45:01.664,0.7804337,6.097217,-4.755534
07:45:01.765,0.7335864,6.081254,-4.843502
07:45:01.868,0.6877456,6.072816,-4.858455
07:45:01.969,0.6384412,6.078262,-4.782914
07:45:02.071,0.5635434,6.100021,-4.671769
07:45:02.172,0.467786,6.129924,-4.56868
07:45:02.275,0.3955159,6.160712,-4.48769
07:45:02.377,0.3609866,6.194149,-4.405494
07:45:02.478,0.3331934,6.227875,-4.381743
07:45:02.583,0.2526776,6.245342,-4.395389
07:45:02.685,0.08025396,6.236039,-4.380487
07:45:02.786,-0.006366014,6.218298,-4.430504
07:45:02.888,0.006400108,6.204797,-4.520095
07:45:02.988,-0.1961566,6.064878,-4.881737
07:45:03.535,-0.6267203,5.806955,-5.130911
07:45:03.635,-0.5740949,5.840274,-5.184074
07:45:03.735,-0.1337465,6.182724,-4.48135
07:45:03.839,0.2983215,6.251271,-4.146291
07:45:03.942,0.5650312,6.259256,-4.285757
07:45:04.046,0.6680202,6.249392,-4.526242
07:45:04.150,0.6683999,6.223355,-4.675196
07:45:04.252,0.6361228,6.201857,-4.742691
07:45:04.354,0.614819,6.188694,-4.761238
07:45:04.458,0.6148096,6.184231,-4.737919
07:45:04.560,0.634894,6.185848,-4.671392
07:45:04.664,0.6711348,6.193137,-4.551292
07:45:04.765,0.7188188,6.186146,-4.434614
07:45:04.869,0.7816113,6.172769,-4.372724
07:45:04.971,0.8349928,6.160154,-4.356451
07:45:05.075,0.8952532,6.147826,-4.396483
07:45:05.175,0.9699518,6.137599,-4.458409
07:45:05.276,1.046633,6.138571,-4.52673
07:45:05.381,1.142643,6.150958,-4.603309
07:45:05.483,1.214432,6.165757,-4.666099
07:45:05.587,1.272659,6.174215,-4.712549
07:45:05.687,1.327805,6.181306,-4.745548
07:45:05.789,1.375753,6.185604,-4.751234
07:45:05.892,1.420465,6.195723,-4.747221
07:45:05.992,1.4423,6.20981,-4.735251
07:45:06.095,1.450893,6.221767,-4.705886
07:45:06.198,1.469853,6.226672,-4.658176
07:45:06.302,1.522177,6.22615,-4.591698
07:45:06.404,1.604267,6.217733,-4.502736
07:45:06.506,1.66638,6.205722,-4.434554
07:45:06.608,1.69518,6.197057,-4.422461
07:45:06.710,1.723306,6.190506,-4.455023
07:45:06.813,1.749911,6.182169,-4.487758
07:45:06.916,1.762155,6.170883,-4.507833
07:45:07.018,1.757206,6.161347,-4.508949
07:45:07.119,1.722981,6.15144,-4.506621
07:45:07.224,1.646591,6.144665,-4.561684
07:45:07.324,1.55792,6.142285,-4.68053
07:45:07.424,1.476427,6.143647,-4.789916
07:45:07.525,1.402344,6.146166,-4.849373
07:45:07.626,1.319715,6.158576,-4.857806
07:45:07.729,1.2282,6.178901,-4.821103
07:45:07.833,1.13425,6.196129,-4.752329
07:45:07.935,1.055495,6.202815,-4.673815
07:45:08.038,1.02159,6.198232,-4.601157
07:45:08.141,1.028506,6.193285,-4.543898
07:45:08.244,1.051605,6.190009,-4.496101
07:45:08.345,1.043146,6.182834,-4.423772
07:45:08.445,0.9881244,6.164511,-4.322604
07:45:08.547,0.9362255,6.143142,-4.236356
07:45:08.648,0.9157322,6.131253,-4.21185
07:45:08.750,0.9189612,6.135594,-4.269105
07:45:08.850,0.9059485,6.138579,-4.369052
07:45:08.951,0.8641917,6.129158,-4.423584
07:45:09.053,0.8512669,6.110065,-4.378259
07:45:09.156,0.8984575,6.097825,-4.207942
07:45:09.256,0.9966431,6.081448,-3.935138
07:45:09.357,1.131082,6.045114,-3.651838
07:45:09.459,1.266698,6.001831,-3.450414
07:45:09.561,1.361392,5.985829,-3.355748
07:45:09.662,1.408997,5.999111,-3.329373
07:45:09.762,1.418061,6.036928,-3.377994
07:45:09.864,1.392919,6.069211,-3.491416
07:45:09.965,1.390418,6.089524,-3.711266
07:45:10.067,1.39639,6.074246,-3.954005
07:45:10.167,1.378542,6.050775,-4.077909
07:45:10.268,1.367901,6.050497,-4.082726
07:45:10.371,1.361179,6.062968,-4.041872
