Timestamp,Kinect_X,Kinect_Y,Kinect_Z
07:44:40.187,-0.3116001,1.653448,1.76196
07:44:40.287,-0.191348,1.635579,1.869401
07:44:40.391,-0.1740689,1.620621,1.99246
07:44:40.494,-0.1689117,1.637657,2.069009
07:44:40.597,-0.1575105,1.651917,2.114457
07:44:40.699,-0.1496761,1.663511,2.16672
07:44:40.800,-0.1504352,1.666997,2.191058
07:44:40.903,-0.154202,1.669064,2.216205
07:44:41.005,-0.1571745,1.668525,2.231336
07:44:41.108,-0.1592724,1.668017,2.240231
07:44:41.212,-0.1607519,1.667557,2.245629
07:44:41.313,-0.1622115,1.665311,2.248607
07:44:41.416,-0.1655418,1.663108,2.243505
07:44:41.516,-0.1736035,1.662061,2.21313
07:44:41.619,-0.1843089,1.662227,2.174235
07:44:41.724,-0.1966496,1.660069,2.140827
07:44:41.825,-0.2016768,1.658753,2.126188
07:44:41.931,-0.20383,1.658162,2.119055
07:44:42.034,-0.2026862,1.658347,2.114789
07:44:42.134,-0.1777345,1.652207,2.111324
07:44:42.235,-0.1146668,1.647619,2.11911
07:44:42.338,-0.02157038,1.643742,2.142126
07:44:42.440,0.08515088,1.6416,2.182366
07:44:42.540,0.1728659,1.636075,2.210667
07:44:42.643,0.2367641,1.626942,2.236016
07:44:42.744,0.2783905,1.621851,2.253275
07:44:42.845,0.3228147,1.656505,2.264813
07:44:42.946,0.3431111,1.667636,2.270573
07:44:43.048,0.3612025,1.668087,2.27193
07:44:43.150,0.373446,1.665871,2.267328
07:44:43.250,0.3831883,1.663289,2.251867
07:44:43.352,0.3921317,1.66476,2.205658
07:44:43.454,0.4012315,1.661009,2.150811
07:44:43.555,0.4047532,1.653904,2.096875
07:44:43.657,0.4158888,1.657163,2.060436
07:44:43.758,0.4342261,1.663132,2.0314
07:44:43.863,0.4654518,1.663767,2.001348
07:44:43.964,0.5013061,1.658564,1.971489
07:44:44.065,0.5773509,1.642612,1.924723
07:44:44.166,0.6555149,1.627762,1.884883
07:44:44.272,0.7089843,1.629196,1.855748
07:44:44.375,0.7327753,1.632174,1.841148
07:44:44.476,0.7408389,1.633088,1.835413
07:44:44.577,0.7352878,1.635763,1.833132
07:44:44.678,0.6870704,1.648087,1.842383
07:44:44.780,0.6114421,1.652544,1.875664
07:44:44.880,0.5257368,1.656922,1.936303
07:44:44.985,0.4348613,1.618575,2.001284
07:44:45.088,0.3646075,1.593271,2.056674
07:44:45.189,0.2932547,1.649072,2.114878
07:44:45.292,0.2627207,1.684281,2.142223
07:44:45.394,0.225053,1.584951,2.149003
07:44:45.496,0.1849609,1.573511,2.16027
07:44:45.599,0.1399955,1.574528,2.179311
07:44:45.701,0.04984716,1.592857,2.196094
07:44:45.803,-0.01841561,1.590547,2.201916
07:44:45.905,-0.06834954,1.560468,2.20443
07:44:46.008,-0.1198511,1.57195,2.211503
07:44:46.109,-0.1399353,1.606091,2.215514
07:44:46.210,-0.155519,1.669566,2.225427
07:44:46.311,-0.1637542,1.682599,2.228529
07:44:46.416,-0.1867063,1.665041,2.234165
07:44:46.519,-0.2100372,1.652567,2.240653
07:44:46.620,-0.2182307,1.64953,2.244136
07:44:46.723,-0.2131383,1.649845,2.24833
07:44:46.824,-0.1641287,1.658429,2.247851
07:44:46.927,-0.08134235,1.659611,2.240295
07:44:47.027,0.008086724,1.660963,2.23669
07:44:47.127,0.07585774,1.66464,2.237345
07:44:47.230,0.1222353,1.668965,2.235518
07:44:47.333,0.1545008,1.670398,2.231484
07:44:47.435,0.1881773,1.66354,2.225429
07:44:47.536,0.1973017,1.66255,2.223407
07:44:47.639,0.2000762,1.662038,2.222181
07:44:47.742,0.187804,1.664988,2.217561
07:44:47.844,0.167745,1.667113,2.211854
07:44:47.947,0.1483232,1.667641,2.206919
07:44:48.048,0.1385113,1.667042,2.204577
07:44:48.150,0.1293731,1.665084,2.201696
07:44:48.251,0.1193147,1.663594,2.196766
07:44:48.352,0.1132537,1.664458,2.192893
07:44:48.454,0.1093644,1.665685,2.189551
07:44:48.555,0.1069719,1.666268,2.187345
07:44:48.657,0.1038561,1.666367,2.185367
07:44:48.757,0.1003044,1.666624,2.183612
07:44:48.859,0.09705789,1.667084,2.181805
07:44:48.959,0.09463432,1.667165,2.17991
07:44:49.062,0.09310942,1.667255,2.17817
07:44:49.164,0.09287506,1.666491,2.176189
07:44:49.269,0.09817795,1.664848,2.173486
07:44:49.372,0.1121203,1.66238,2.169611
07:44:49.473,0.1440291,1.659288,2.160974
07:44:49.577,0.1615577,1.655691,2.154375
07:44:49.677,0.1701846,1.65349,2.149299
07:44:49.777,0.1723735,1.65151,2.141284
07:44:49.881,0.1620473,1.650365,2.125204
07:44:49.982,0.1194676,1.650886,2.095546
07:44:50.084,0.07828975,1.650338,2.071219
07:44:50.185,0.04945354,1.652571,2.044773
07:44:50.285,0.02979622,1.650172,2.002257
07:44:50.387,0.02133453,1.640973,1.936997
07:44:50.489,0.02166279,1.619747,1.856338
07:44:50.589,0.04780155,1.593597,1.745534
07:44:50.689,0.102039,1.584657,1.621693
07:44:50.791,0.1603037,1.566809,1.497415
07:44:50.895,0.1915278,1.560644,1.409193
07:44:50.996,0.2032082,1.547385,1.347094
07:44:51.098,0.2087053,1.544078,1.315776
07:44:51.201,0.2043081,1.554727,1.296456
07:44:51.302,0.1916951,1.571067,1.278499
07:44:51.403,0.17985,1.580237,1.261802
07:44:51.508,0.16335,1.577117,1.23433
07:44:51.608,0.1266529,1.559428,1.174863
07:44:51.710,0.07768231,1.529125,1.079657
07:44:51.813,0.04148485,1.493814,1.006298
07:44:51.915,0.04148485,1.493814,1.006298
07:44:52.015,0.04148485,1.493814,1.006298
07:44:52.117,0.04148485,1.493814,1.006298
07:44:52.219,0.04148485,1.493814,1.006298
07:44:52.323,0.02750827,1.471652,0.9293305
07:44:52.424,0.07306452,1.49855,1.033424
07:44:52.525,0.1338585,1.542307,1.152794
07:44:52.626,0.1778982,1.537326,1.201319
07:44:52.728,0.2074593,1.536046,1.231835
07:44:52.832,0.2450707,1.56197,1.267518
07:44:52.932,0.2597708,1.575921,1.279463
07:44:53.032,0.2634671,1.58371,1.279385
07:44:53.132,0.1479267,1.587527,1.304299
07:44:53.234,0.2054184,1.525198,1.250341
07:44:53.334,0.2153776,1.505471,1.232503
07:44:53.439,0.1468082,1.542874,1.274157
07:44:53.541,0.04048171,1.600017,1.387293
07:44:53.644,0.00543733,1.60074,1.517289
07:44:53.744,-0.05228356,1.599614,1.667779
07:44:53.845,-0.1378573,1.581578,1.800275
07:44:53.949,-0.187778,1.582123,1.890768
07:44:54.053,-0.2183644,1.593895,1.950659
07:44:54.154,-0.2309482,1.600111,1.982122
07:44:54.258,-0.2339711,1.603888,2.003167
07:44:54.361,-0.2296394,1.607127,2.014724
07:44:54.463,-0.1978724,1.618399,2.04028
07:44:54.565,-0.1815615,1.650297,2.078911
07:44:54.666,-0.1329337,1.664859,2.101619
07:44:54.769,-0.0630584,1.664152,2.135672
07:44:54.869,-0.00330909,1.657309,2.190894
07:44:54.973,0.04129285,1.653114,2.248935
07:44:55.074,0.06936373,1.652391,2.291367
07:44:55.178,0.08270557,1.653286,2.324851
07:44:55.281,0.08425421,1.655723,2.336986
07:44:55.381,0.07887194,1.658468,2.339945
07:44:55.484,0.04692695,1.660096,2.314441
07:44:55.585,0.008886211,1.662876,2.270666
07:44:55.685,-0.01388304,1.667087,2.241676
07:44:55.788,-0.02902188,1.669147,2.204714
07:44:55.889,-0.126487,1.705866,2.16384
07:44:55.991,-0.1307251,1.710293,2.156971
07:44:56.091,-0.1190917,1.708719,2.158809
07:44:56.194,-0.1144766,1.708005,2.160995
07:44:56.296,-0.1168444,1.706836,2.171957
07:44:56.399,-0.1208858,1.656777,2.210298
07:44:56.502,-0.1143073,1.591362,2.241336
07:44:56.628,-0.1059162,1.569015,2.25615
07:44:56.729,-0.0860007,1.589393,2.279073
07:44:56.830,-0.06093952,1.68592,2.296702
07:44:56.933,-0.05187159,1.682158,2.282741
07:44:57.036,-0.03951225,1.647688,2.248271
07:44:57.156,-0.02911284,1.671941,2.226505
07:44:57.258,-0.01835342,1.680957,2.210658
07:44:57.358,-0.004841273,1.677517,2.201058
07:44:57.461,0.08752009,1.668546,2.169716
07:44:57.564,0.1218789,1.667141,2.162212
07:44:57.681,0.1335912,1.666124,2.160648
07:44:57.783,0.144781,1.664699,2.1615
07:44:57.886,0.1331738,1.66439,2.18185
07:44:57.987,0.1003899,1.669698,2.217664
07:44:58.088,0.06985841,1.671855,2.254463
07:44:58.192,0.04836828,1.629394,2.291763
07:44:58.295,0.03447594,1.668003,2.321539
07:44:58.397,0.0334355,1.667962,2.32593
07:44:58.499,0.03027174,1.687067,2.319305
07:44:58.603,0.03749051,1.71479,2.314349
07:44:58.703,0.05220925,1.727543,2.315743
07:44:58.805,0.05406154,1.728669,2.310403
07:44:58.909,0.04570555,1.724515,2.294877
07:44:59.015,0.03948088,1.722291,2.28648
07:44:59.116,0.027384,1.661476,2.294664
07:44:59.218,0.03532414,1.648883,2.323236
07:44:59.320,0.05080777,1.65538,2.34846
07:44:59.421,0.05707343,1.657581,2.357747
07:44:59.523,0.0602462,1.654425,2.357816
07:44:59.624,0.05484858,1.676147,2.341418
07:44:59.728,0.05007231,1.684472,2.321551
07:44:59.829,0.0442004,1.676275,2.274775
07:44:59.931,0.04475136,1.670602,2.241853
07:45:00.032,0.04883015,1.667535,2.214758
07:45:00.135,0.02516295,1.654656,2.135333
07:45:00.238,0.02540819,1.65242,2.119352
07:45:00.341,0.03238738,1.651064,2.115613
07:45:00.446,0.03033402,1.647028,2.1179
07:45:00.549,0.01355575,1.642758,2.122928
07:45:00.650,0.003964055,1.641663,2.125559
07:45:00.751,0.00048178,1.642134,2.127768
07:45:00.853,0.008776867,1.646047,2.133588
07:45:00.956,0.04975796,1.653992,2.143973
07:45:01.058,0.1104728,1.652457,2.151438
07:45:01.160,0.1746775,1.650805,2.159832
07:45:01.260,0.2552647,1.647799,2.172948
07:45:01.362,0.3195624,1.634574,2.185144
07:45:01.462,0.3632981,1.651796,2.186502
07:45:01.563,0.402771,1.663783,2.17652
07:45:01.664,0.4509728,1.660078,2.143838
07:45:01.765,0.5107877,1.634761,2.093441
07:45:01.868,0.5784364,1.610703,2.026357
07:45:01.969,0.652319,1.609565,1.947535
07:45:02.071,0.7072024,1.620755,1.890359
07:45:02.172,0.744769,1.632467,1.859754
07:45:02.275,0.7727425,1.636388,1.832621
07:45:02.377,0.8053266,1.649335,1.792293
07:45:02.478,0.8535826,1.640374,1.738809
07:45:02.583,0.8831177,1.629494,1.706601
07:45:02.685,0.8683354,1.401547,1.74537
07:45:02.786,0.8589884,1.333886,1.758861
07:45:02.888,0.8936569,1.344342,1.776213
07:45:02.988,1.027333,1.266277,1.943007
07:45:03.535,1.071758,1.19587,2.028787
07:45:03.635,0.8956672,1.66821,1.75035
07:45:03.735,0.8608462,1.689491,1.797932
07:45:03.839,0.8245488,1.684652,1.853697
07:45:03.942,0.7917383,1.677803,1.886584
07:45:04.046,0.754931,1.677865,1.905237
07:45:04.150,0.7137092,1.673844,1.915294
07:45:04.252,0.677538,1.670109,1.910066
07:45:04.354,0.6267644,1.668345,1.8953
07:45:04.458,0.5817431,1.666877,1.882143
07:45:04.560,0.544167,1.667735,1.875501
07:45:04.664,0.5048364,1.672415,1.877193
07:45:04.765,0.4487113,1.671879,1.895306
07:45:04.869,0.3629462,1.668445,1.932566
07:45:04.971,0.2715086,1.649628,1.9883
07:45:05.075,0.1691292,1.637275,2.054466
07:45:05.175,0.08855994,1.642586,2.106082
07:45:05.276,0.03813924,1.659078,2.133405
07:45:05.381,0.008433932,1.670581,2.147938
07:45:05.483,-0.0191392,1.676905,2.156619
07:45:05.587,-0.06094544,1.67491,2.159354
07:45:05.687,-0.09167589,1.670033,2.157901
07:45:05.789,-0.1243251,1.667762,2.150424
07:45:05.892,-0.1624911,1.662497,2.135144
07:45:05.992,-0.2000994,1.663707,2.117106
07:45:06.095,-0.2268625,1.665164,2.107424
07:45:06.198,-0.2532983,1.670228,2.10153
07:45:06.302,-0.3118203,1.679992,2.098819
07:45:06.404,-0.3341272,1.691429,2.100245
07:45:06.506,-0.3635877,1.69152,2.112176
07:45:06.608,-0.3973253,1.682366,2.118746
07:45:06.710,-0.4235201,1.674703,2.115078
07:45:06.813,-0.4304383,1.672502,2.112777
07:45:06.916,-0.4302338,1.672723,2.10892
07:45:07.018,-0.4103656,1.672955,2.104743
07:45:07.119,-0.3500704,1.666842,2.109737
07:45:07.224,-0.2483244,1.656217,2.115801
07:45:07.324,-0.1673738,1.656365,2.119739
07:45:07.424,-0.1034707,1.656837,2.122627
07:45:07.525,-0.05852187,1.660386,2.121876
07:45:07.626,-0.02263043,1.664734,2.124016
07:45:07.729,-0.007258539,1.666087,2.124253
07:45:07.833,-0.001538996,1.666469,2.122448
07:45:07.935,-0.007049339,1.66632,2.108795
07:45:08.038,-0.02707183,1.657278,2.07349
07:45:08.141,-0.03638325,1.648916,2.046373
07:45:08.244,-0.02592426,1.647556,2.02848
07:45:08.345,0.02154837,1.639694,2.017562
07:45:08.445,0.06804334,1.635711,2.013132
07:45:08.547,0.08535277,1.634284,2.010445
07:45:08.648,0.09513568,1.635606,2.006714
07:45:08.750,0.09868316,1.64131,1.990709
07:45:08.850,0.08780259,1.645988,1.942593
07:45:08.951,0.05305145,1.632415,1.864106
07:45:09.053,0.01089781,1.60892,1.786777
07:45:09.156,-0.05935785,1.561811,1.668955
07:45:09.256,-0.1455272,1.545759,1.535245
07:45:09.357,-0.227745,1.532426,1.406803
07:45:09.459,-0.2667278,1.52776,1.33514
07:45:09.561,-0.288287,1.532208,1.294153
07:45:09.662,-0.2983681,1.546225,1.266882
07:45:09.762,-0.3090953,1.56315,1.243637
07:45:09.864,-0.3304688,1.573292,1.217798
07:45:09.965,-0.3252367,1.56572,1.176937
07:45:10.067,-0.276716,1.513281,1.084762
07:45:10.167,-0.2661823,1.496918,1.051335
07:45:10.268,-0.2661823,1.496918,1.051335
07:45:10.371,-0.2661823,1.496918,1.051335
