Timestamp,Username,Location,ObjectName,DurationSeconds
2026-04-15 16:10:38,pajeet,right side,testobject,0.4006
2026-04-15 16:10:40,pajeet,right side,testobject,6.8200
2026-04-15 16:12:42,01,right side,testobject,4.4000
2026-04-15 16:12:51,01,right side,testobject,1.4995
2026-04-15 16:13:28,01,right side,testobject,3.0991
2026-04-15 16:13:38,01,right side,testobject,3.2977
2026-04-15 16:13:44,01,right side,testobject,4.6647
2026-04-15 16:13:52,01,right side,testobject,8.8626
2026-04-15 16:15:54,p,right side,testobject,2.7835
2026-04-15 16:16:02,p,right side,testobject,3.2165
2026-04-15 16:17:15,0002,right side,testobject,3.0584
2026-04-15 16:17:24,0002,right side,testobject,8.7543
2026-04-15 16:19:12,009,right side,testobject,2.8384
2026-04-15 16:19:22,009,right side,testobject,3.3621
2026-04-15 16:19:30,009,right side,testobject,3.9591
2026-04-15 16:19:39,009,right side,testobject,17.2394
2026-04-15 16:20:01,009,right side,testobject,3.7592
2026-04-15 16:20:11,009,right side,testobject,3.7191
2026-04-15 16:20:18,009,right side,testobject,24.0587
2026-04-15 16:20:47,009,right side,testobject,2.1987
2026-04-15 16:20:55,009,right side,testobject,6.1411
2026-04-15 16:21:03,009,right side,testobject,1.8189
2026-04-15 16:21:09,009,right side,testobject,0.5800
2026-04-15 16:21:11,009,right side,testobject,4.3810
2026-04-15 16:21:30,009,right side,testobject,7.2195
2026-04-15 16:21:44,009,right side,testobject,1.0789
2026-04-15 16:24:36,ucup,right side,testobject,6.0610
2026-04-15 16:24:48,ucup,right side,testobject,9.0813
2026-04-15 16:26:20,coko,right side,testobject,0.3211
2026-04-15 16:26:23,coko,right side,testobject,6.5227
2026-04-15 16:26:36,coko,right side,testobject,3.1205
2026-04-15 16:29:07,aselole,right side,testobject,2.9780
2026-04-15 16:29:13,aselole,left side,testobject,2.8611
2026-04-15 16:38:13,098,right side,testobject,0.8977
2026-04-15 16:38:19,098,right side,testobject,5.2205
2026-04-15 16:38:39,098,right side,testobject,8.6205
2026-04-15 16:38:55,098,right side,testobject,7.0614
2026-04-15 16:39:05,098,right side,testobject,18.4011
2026-04-16 22:37:50,002,right side,testobject,4.3393
2026-04-16 22:37:58,002,right side,testobject,7.6615
2026-04-16 22:38:07,002,right side,testobject,5.5981
2026-04-16 22:38:15,002,right side,testobject,5.3979
2026-04-16 23:02:57,ucup,right side,testobject,1.0186
2026-04-16 23:04:43,mamaaaa,right side,testobject,3.6010
2026-04-16 23:04:52,mamaaaa,right side,testobject,21.9572
2026-04-16 23:05:18,mamaaaa,right side,testobject,4.6587
2026-04-16 23:05:23,mamaaaa,left side,testobject,3.2422
2026-04-16 23:08:48,jing,right side,testobject,2.7418
2026-04-16 23:08:57,jing,right side,testobject,3.7182
2026-04-16 23:09:05,jing,right side,testobject,5.3567
2026-04-16 23:11:08,m,left side,testobject,0.6400
2026-04-16 23:12:02,k,left side,testobject,2.1010
2026-04-16 23:12:07,k,left side,testobject,17.4398
2026-04-16 23:12:27,k,left side,testobject,4.1778
2026-04-16 23:12:41,k,left side,testobject,9.2987
2026-04-16 23:12:54,k,right side,testobject,10.8798
2026-04-16 23:13:08,k,right side,testobject,5.8423
2026-04-30 07:50:50,k,right side,testobject,4.0408
2026-04-30 07:51:15,k,right side,testobject,0.5798
2026-04-30 07:51:16,k,right side,testobject,0.3215
2026-04-30 07:51:19,k,right side,testobject,0.8604
2026-05-01 19:18:47,test,left side,testobject,0.2426
2026-05-01 19:18:48,test,left side,testobject,0.6433
2026-05-01 19:18:49,test,left side,testobject,0.3386
2026-05-01 19:18:52,test,left side,testobject,0.1792
2026-05-01 19:18:54,test,left side,testobject,1.2184
2026-05-01 19:18:56,test,left side,testobject,0.4777
2026-05-01 19:18:47,test,right side,testobject,11.5784
2026-05-01 19:18:58,test,left side,testobject,4.0411
2026-05-01 19:18:58,test,right side,testobject,4.5202
2026-05-01 19:19:04,test,left side,testobject,0.2987
2026-05-01 19:19:03,test,right side,testobject,5.0635
2026-05-01 19:19:08,test,right side,testobject,1.8229
2026-05-01 19:19:10,test,left side,testobject,0.3774
2026-05-01 19:19:15,test,left side,testobject,2.4384
2026-05-01 19:19:10,test,right side,testobject,7.4651
2026-05-01 19:19:17,test,right side,testobject,3.4791
2026-05-01 19:19:21,test,right side,testobject,1.5822
2026-05-01 19:19:23,test,right side,testobject,1.0030
2026-05-07 11:29:49,test,right side,testobject,7.2996
2026-05-07 11:29:57,test,left side,testobject,0.1612
2026-05-07 11:29:58,test,left side,testobject,0.2592
2026-05-07 11:29:56,test,right side,testobject,1.7584
2026-05-07 11:29:58,test,left side,testobject,0.4201
2026-05-07 11:29:58,test,right side,testobject,8.5814
2026-05-07 11:30:07,test,right side,testobject,0.7210
2026-05-07 11:30:08,test,right side,testobject,0.8576
2026-05-07 11:30:10,test,right side,testobject,0.4015
2026-05-07 11:30:12,test,right side,testobject,8.7789
2026-05-13 14:37:20,001,Standing,left side,testobject,0.1772
2026-05-13 14:37:20,001,Standing,left side,testobject,0.5246
2026-05-13 14:37:21,001,Standing,left side,testobject,5.6219
2026-05-13 14:37:28,001,Standing,left side,testobject,4.0982
2026-05-13 14:37:33,001,Standing,left side,testobject,0.3994
2026-05-13 14:37:34,001,Standing,left side,testobject,0.2615
2026-05-13 14:37:35,001,Standing,left side,testobject,0.4993
2026-05-13 14:37:19,001,Standing,right side,testobject,17.0015
2026-05-13 14:37:36,001,Standing,right side,testobject,0.2800
2026-05-13 14:37:38,001,Standing,right side,testobject,1.6399
2026-05-13 14:37:39,001,Standing,right side,testobject,0.0810
2026-05-13 14:37:40,001,Standing,left side,testobject,0.1997
2026-05-13 14:37:40,001,Standing,right side,testobject,3.1990
2026-05-13 14:37:43,001,Standing,left side,testobject,0.3594
2026-05-13 14:37:44,001,Standing,left side,testobject,0.2426
2026-05-13 14:37:43,001,Standing,right side,testobject,1.6983
2026-05-13 14:37:45,001,Standing,left side,testobject,0.6363
2026-05-13 14:37:45,001,Standing,right side,testobject,0.8397
2026-05-13 14:37:46,001,Standing,right side,testobject,0.8802
2026-05-13 14:37:47,001,Standing,left side,testobject,0.2809
2026-05-13 14:37:48,001,Standing,left side,testobject,3.6183
2026-05-13 14:37:52,001,Standing,left side,testobject,4.9981
2026-05-13 14:37:57,001,Standing,left side,testobject,0.3417
2026-05-13 14:37:47,001,Standing,right side,testobject,11.7186
2026-05-13 14:37:58,001,Standing,left side,testobject,0.2205
2026-05-13 14:37:59,001,Standing,left side,testobject,1.5371
2026-05-13 14:37:58,001,Standing,right side,testobject,2.0579
2026-05-13 14:38:01,001,Standing,left side,testobject,0.2386
2026-05-13 14:38:00,001,Standing,right side,testobject,2.7032
2026-05-13 14:38:04,001,Standing,left side,testobject,0.1610
2026-05-13 14:38:03,001,Standing,right side,testobject,1.3179
2026-05-13 14:38:05,001,Standing,right side,testobject,0.0215
2026-05-13 14:38:08,001,Standing,left side,testobject,0.3246
2026-05-13 14:38:05,001,Standing,right side,testobject,3.3595
2026-05-13 14:38:08,001,Standing,left side,testobject,0.5381
2026-05-13 14:38:09,001,Standing,left side,testobject,0.2982
2026-05-13 14:38:08,001,Standing,right side,testobject,0.9600
2026-05-13 14:38:09,001,Standing,right side,testobject,0.8780
2026-05-13 14:39:49,002,Standing,right side,testobject,0.1384
2026-05-13 14:39:50,002,Standing,left side,testobject,0.1006
2026-05-13 14:39:50,002,Standing,left side,testobject,0.4004
2026-05-13 14:39:50,002,Standing,right side,testobject,1.7403
2026-05-13 14:39:51,002,Standing,right side,testobject,0.6642
2026-05-13 14:39:52,002,Standing,right side,testobject,0.1129
2026-05-13 14:39:53,002,Standing,left side,testobject,0.1223
2026-05-13 14:39:53,002,Standing,right side,testobject,3.8786
2026-05-13 14:39:57,002,Standing,right side,testobject,0.1585
2026-05-13 14:39:58,002,Standing,left side,testobject,0.1818
2026-05-13 14:39:57,002,Standing,right side,testobject,1.5401
2026-05-13 14:39:58,002,Standing,right side,testobject,0.3012
2026-05-13 14:39:59,002,Standing,right side,testobject,0.4386
2026-05-13 14:39:59,002,Standing,left side,testobject,0.1433
2026-05-13 14:39:59,002,Standing,right side,testobject,2.8618
2026-05-13 14:40:03,002,Standing,left side,testobject,0.0383
2026-05-13 14:40:04,002,Standing,left side,testobject,0.2596
2026-05-13 14:40:02,002,Standing,right side,testobject,1.9605
2026-05-13 14:40:04,002,Standing,right side,testobject,0.0609
2026-05-13 14:40:04,002,Standing,right side,testobject,1.6817
2026-05-13 14:40:10,002,Standing,right side,testobject,2.8407
2026-05-13 14:40:13,002,Standing,left side,testobject,0.1242
2026-05-13 14:40:13,002,Standing,right side,testobject,1.0423
2026-05-13 14:40:14,002,Standing,right side,testobject,8.4814
2026-05-13 14:40:22,002,Standing,right side,testobject,16.0383
